seed,method,verified,metric,value
0,status_quo,False,added_floor_area_sqft,0.0
0,status_quo,False,added_residential_floor_area_sqft,0.0
0,status_quo,False,total_floor_area_sqft,1823588095.2199998
0,status_quo,False,lots_changed,0.0
0,status_quo,False,zoning_violations,0.0
0,status_quo,False,lots_above_zoning_max_existing,7756.0
0,status_quo,False,taz_over_capacity,0.0
0,status_quo,False,taz_newly_over_capacity,0.0
0,status_quo,False,traffic_violations,0.0
0,status_quo,False,demand_weighted_tti,1.0315511821465744
0,status_quo,False,max_vc,0.7000000000000001
0,status_quo,False,catchments_over_capacity,0.0
0,status_quo,False,max_sewer_utilisation,0.9090909090909091
0,status_quo,False,lots_newly_shaded,0.0
0,status_quo,False,solar_compliance,1.0
0,status_quo,False,flood_zone_added_floor_area_sqft,0.0
0,status_quo,False,green_space_gini,0.7747022387511482
0,status_quo,False,displacement_exposure_share,0.0
0,status_quo,True,added_floor_area_sqft,0.0
0,status_quo,True,added_residential_floor_area_sqft,0.0
0,status_quo,True,total_floor_area_sqft,1823588095.2199998
0,status_quo,True,lots_changed,0.0
0,status_quo,True,zoning_violations,0.0
0,status_quo,True,lots_above_zoning_max_existing,7756.0
0,status_quo,True,taz_over_capacity,0.0
0,status_quo,True,taz_newly_over_capacity,0.0
0,status_quo,True,traffic_violations,0.0
0,status_quo,True,demand_weighted_tti,1.0315511821465744
0,status_quo,True,max_vc,0.7000000000000001
0,status_quo,True,catchments_over_capacity,0.0
0,status_quo,True,max_sewer_utilisation,0.9090909090909091
0,status_quo,True,lots_newly_shaded,0.0
0,status_quo,True,solar_compliance,1.0
0,status_quo,True,flood_zone_added_floor_area_sqft,0.0
0,status_quo,True,green_space_gini,0.7747022387511482
0,status_quo,True,displacement_exposure_share,0.0
0,status_quo,True,repair_iterations,0.0
0,random,False,added_floor_area_sqft,189049063.22261027
0,random,False,added_residential_floor_area_sqft,87367740.56920241
0,random,False,total_floor_area_sqft,2012637158.4426103
0,random,False,lots_changed,23276.0
0,random,False,zoning_violations,0.0
0,random,False,lots_above_zoning_max_existing,7756.0
0,random,False,taz_over_capacity,7.0
0,random,False,taz_newly_over_capacity,7.0
0,random,False,traffic_violations,7.0
0,random,False,demand_weighted_tti,1.0633067275568773
0,random,False,max_vc,4.588888888888889
0,random,False,catchments_over_capacity,15.0
0,random,False,max_sewer_utilisation,1.9515194805194804
0,random,False,lots_newly_shaded,4656.0
0,random,False,solar_compliance,0.8892035313994717
0,random,False,flood_zone_added_floor_area_sqft,63098173.62685584
0,random,False,green_space_gini,0.7680040653496267
0,random,False,displacement_exposure_share,0.20601411091965655
0,random,True,added_floor_area_sqft,151467683.95300564
0,random,True,added_residential_floor_area_sqft,69901707.39881009
0,random,True,total_floor_area_sqft,1975055779.1730056
0,random,True,lots_changed,23230.0
0,random,True,zoning_violations,0.0
0,random,True,lots_above_zoning_max_existing,7756.0
0,random,True,taz_over_capacity,0.0
0,random,True,taz_newly_over_capacity,0.0
0,random,True,traffic_violations,0.0
0,random,True,demand_weighted_tti,1.0377141715438938
0,random,True,max_vc,0.9651515151515152
0,random,True,catchments_over_capacity,0.0
0,random,True,max_sewer_utilisation,0.9992981129125017
0,random,True,lots_newly_shaded,0.0
0,random,True,solar_compliance,1.0
0,random,True,flood_zone_added_floor_area_sqft,44018534.26012244
0,random,True,green_space_gini,0.7699725821337371
0,random,True,displacement_exposure_share,0.20351125362696443
0,random,True,repair_iterations,33.0
0,rule_based,False,added_floor_area_sqft,565423818.0978978
0,rule_based,False,added_residential_floor_area_sqft,169456808.46472406
0,rule_based,False,total_floor_area_sqft,2389011913.317898
0,rule_based,False,lots_changed,24087.0
0,rule_based,False,zoning_violations,0.0
0,rule_based,False,lots_above_zoning_max_existing,7756.0
0,rule_based,False,taz_over_capacity,40.0
0,rule_based,False,taz_newly_over_capacity,40.0
0,rule_based,False,traffic_violations,40.0
0,rule_based,False,demand_weighted_tti,3.8298398446988684
0,rule_based,False,max_vc,12.366666666666664
0,rule_based,False,catchments_over_capacity,25.0
0,rule_based,False,max_sewer_utilisation,2.0505194805194797
0,rule_based,False,lots_newly_shaded,4661.0
0,rule_based,False,solar_compliance,0.8890845489374866
0,rule_based,False,flood_zone_added_floor_area_sqft,258472491.31651992
0,rule_based,False,green_space_gini,0.7684195982871254
0,rule_based,False,displacement_exposure_share,0.13818091049442208
0,rule_based,True,added_floor_area_sqft,336843565.55124164
0,rule_based,True,added_residential_floor_area_sqft,110525171.77439651
0,rule_based,True,total_floor_area_sqft,2160431660.7712417
0,rule_based,True,lots_changed,24083.0
0,rule_based,True,zoning_violations,0.0
0,rule_based,True,lots_above_zoning_max_existing,7756.0
0,rule_based,True,taz_over_capacity,0.0
0,rule_based,True,taz_newly_over_capacity,0.0
0,rule_based,True,traffic_violations,0.0
0,rule_based,True,demand_weighted_tti,1.0472959169595417
0,rule_based,True,max_vc,0.9837703718091264
0,rule_based,True,catchments_over_capacity,0.0
0,rule_based,True,max_sewer_utilisation,0.9993172734840835
0,rule_based,True,lots_newly_shaded,0.0
0,rule_based,True,solar_compliance,1.0
0,rule_based,True,flood_zone_added_floor_area_sqft,100706507.54613417
0,rule_based,True,green_space_gini,0.7695174217035944
0,rule_based,True,displacement_exposure_share,0.15072450546612812
0,rule_based,True,repair_iterations,31.0
0,zoning_buildout,False,added_floor_area_sqft,1029946892.3710611
0,zoning_buildout,False,added_residential_floor_area_sqft,364949638.84931636
0,zoning_buildout,False,total_floor_area_sqft,2853534987.5910606
0,zoning_buildout,False,lots_changed,34002.0
0,zoning_buildout,False,zoning_violations,0.0
0,zoning_buildout,False,lots_above_zoning_max_existing,7756.0
0,zoning_buildout,False,taz_over_capacity,85.0
0,zoning_buildout,False,taz_newly_over_capacity,85.0
0,zoning_buildout,False,traffic_violations,85.0
0,zoning_buildout,False,demand_weighted_tti,9.481896547791584
0,zoning_buildout,False,max_vc,15.555555555555557
0,zoning_buildout,False,catchments_over_capacity,38.0
0,zoning_buildout,False,max_sewer_utilisation,2.191948051948051
0,zoning_buildout,False,lots_newly_shaded,3201.0
0,zoning_buildout,False,solar_compliance,0.9238274278371368
0,zoning_buildout,False,flood_zone_added_floor_area_sqft,407123748.4530105
0,zoning_buildout,False,green_space_gini,0.7610690995745328
0,zoning_buildout,False,displacement_exposure_share,0.1519607925994045
0,zoning_buildout,True,added_floor_area_sqft,521230648.90824026
0,zoning_buildout,True,added_residential_floor_area_sqft,202965164.94297776
0,zoning_buildout,True,total_floor_area_sqft,2344818744.1282406
0,zoning_buildout,True,lots_changed,33998.0
0,zoning_buildout,True,zoning_violations,0.0
0,zoning_buildout,True,lots_above_zoning_max_existing,7756.0
0,zoning_buildout,True,taz_over_capacity,0.0
0,zoning_buildout,True,taz_newly_over_capacity,0.0
0,zoning_buildout,True,traffic_violations,0.0
0,zoning_buildout,True,demand_weighted_tti,1.0623610099815295
0,zoning_buildout,True,max_vc,0.9909668809701835
0,zoning_buildout,True,catchments_over_capacity,0.0
0,zoning_buildout,True,max_sewer_utilisation,0.9989245642742254
0,zoning_buildout,True,lots_newly_shaded,0.0
0,zoning_buildout,True,solar_compliance,1.0
0,zoning_buildout,True,flood_zone_added_floor_area_sqft,116908503.70758323
0,zoning_buildout,True,green_space_gini,0.7664996293661055
0,zoning_buildout,True,displacement_exposure_share,0.14583796183553896
0,zoning_buildout,True,repair_iterations,31.0
0,pimaluos,False,added_floor_area_sqft,548315520.5403872
0,pimaluos,False,added_residential_floor_area_sqft,197499906.87120837
0,pimaluos,False,total_floor_area_sqft,2371903615.7603874
0,pimaluos,False,lots_changed,19598.0
0,pimaluos,False,zoning_violations,0.0
0,pimaluos,False,lots_above_zoning_max_existing,7756.0
0,pimaluos,False,taz_over_capacity,31.0
0,pimaluos,False,taz_newly_over_capacity,31.0
0,pimaluos,False,traffic_violations,31.0
0,pimaluos,False,demand_weighted_tti,1.0993137867011056
0,pimaluos,False,max_vc,4.267141111670974
0,pimaluos,False,catchments_over_capacity,21.0
0,pimaluos,False,max_sewer_utilisation,2.0505194805194797
0,pimaluos,False,lots_newly_shaded,1937.0
0,pimaluos,False,solar_compliance,0.953906194226971
0,pimaluos,False,flood_zone_added_floor_area_sqft,229995026.49651992
0,pimaluos,False,green_space_gini,0.7722170873483067
0,pimaluos,False,displacement_exposure_share,0.14881520740026138
0,pimaluos,True,added_floor_area_sqft,351752169.6614966
0,pimaluos,True,added_residential_floor_area_sqft,151016421.19010004
0,pimaluos,True,total_floor_area_sqft,2175340264.8814964
0,pimaluos,True,lots_changed,19597.0
0,pimaluos,True,zoning_violations,0.0
0,pimaluos,True,lots_above_zoning_max_existing,7756.0
0,pimaluos,True,taz_over_capacity,0.0
0,pimaluos,True,taz_newly_over_capacity,0.0
0,pimaluos,True,traffic_violations,0.0
0,pimaluos,True,demand_weighted_tti,1.050342625462598
0,pimaluos,True,max_vc,0.9958992493838913
0,pimaluos,True,catchments_over_capacity,0.0
0,pimaluos,True,max_sewer_utilisation,0.993284985161679
0,pimaluos,True,lots_newly_shaded,0.0
0,pimaluos,True,solar_compliance,1.0
0,pimaluos,True,flood_zone_added_floor_area_sqft,86896273.49803358
0,pimaluos,True,green_space_gini,0.7709742201223104
0,pimaluos,True,displacement_exposure_share,0.16537303337223716
0,pimaluos,True,repair_iterations,31.0
0,no_gnn,False,added_floor_area_sqft,510161106.22308266
0,no_gnn,False,added_residential_floor_area_sqft,190312333.7975003
0,no_gnn,False,total_floor_area_sqft,2333749201.443083
0,no_gnn,False,lots_changed,19898.0
0,no_gnn,False,zoning_violations,0.0
0,no_gnn,False,lots_above_zoning_max_existing,7756.0
0,no_gnn,False,taz_over_capacity,28.0
0,no_gnn,False,taz_newly_over_capacity,28.0
0,no_gnn,False,traffic_violations,28.0
0,no_gnn,False,demand_weighted_tti,1.059835651570926
0,no_gnn,False,max_vc,1.8056662570917743
0,no_gnn,False,catchments_over_capacity,21.0
0,no_gnn,False,max_sewer_utilisation,1.8833721718063205
0,no_gnn,False,lots_newly_shaded,2611.0
0,no_gnn,False,solar_compliance,0.937867358351379
0,no_gnn,False,flood_zone_added_floor_area_sqft,210226308.71855837
0,no_gnn,False,green_space_gini,0.7701800674936334
0,no_gnn,False,displacement_exposure_share,0.16432004711339768
0,no_gnn,True,added_floor_area_sqft,331216472.69130874
0,no_gnn,True,added_residential_floor_area_sqft,150850114.30714345
0,no_gnn,True,total_floor_area_sqft,2154804567.911309
0,no_gnn,True,lots_changed,19894.0
0,no_gnn,True,zoning_violations,0.0
0,no_gnn,True,lots_above_zoning_max_existing,7756.0
0,no_gnn,True,taz_over_capacity,0.0
0,no_gnn,True,taz_newly_over_capacity,0.0
0,no_gnn,True,traffic_violations,0.0
0,no_gnn,True,demand_weighted_tti,1.0470902771079702
0,no_gnn,True,max_vc,0.9909668809701835
0,no_gnn,True,catchments_over_capacity,0.0
0,no_gnn,True,max_sewer_utilisation,0.9980479874317086
0,no_gnn,True,lots_newly_shaded,0.0
0,no_gnn,True,solar_compliance,1.0
0,no_gnn,True,flood_zone_added_floor_area_sqft,85162341.58527225
0,no_gnn,True,green_space_gini,0.7713507302198843
0,no_gnn,True,displacement_exposure_share,0.18112297116457451
0,no_gnn,True,repair_iterations,31.0
0,no_capacity_feedback,False,added_floor_area_sqft,833990651.9980024
0,no_capacity_feedback,False,added_residential_floor_area_sqft,350423513.72945523
0,no_capacity_feedback,False,total_floor_area_sqft,2657578747.2180023
0,no_capacity_feedback,False,lots_changed,33407.0
0,no_capacity_feedback,False,zoning_violations,0.0
0,no_capacity_feedback,False,lots_above_zoning_max_existing,7756.0
0,no_capacity_feedback,False,taz_over_capacity,72.0
0,no_capacity_feedback,False,taz_newly_over_capacity,72.0
0,no_capacity_feedback,False,traffic_violations,72.0
0,no_capacity_feedback,False,demand_weighted_tti,9.160432600953243
0,no_capacity_feedback,False,max_vc,15.555555555555557
0,no_capacity_feedback,False,catchments_over_capacity,32.0
0,no_capacity_feedback,False,max_sewer_utilisation,2.0505194805194797
0,no_capacity_feedback,False,lots_newly_shaded,3365.0
0,no_capacity_feedback,False,solar_compliance,0.9199248030840255
0,no_capacity_feedback,False,flood_zone_added_floor_area_sqft,325005821.2865199
0,no_capacity_feedback,False,green_space_gini,0.7600000227949043
0,no_capacity_feedback,False,displacement_exposure_share,0.18521882308864296
0,no_capacity_feedback,True,added_floor_area_sqft,445150225.6328704
0,no_capacity_feedback,True,added_residential_floor_area_sqft,196661347.81688815
0,no_capacity_feedback,True,total_floor_area_sqft,2268738320.8528705
0,no_capacity_feedback,True,lots_changed,33403.0
0,no_capacity_feedback,True,zoning_violations,0.0
0,no_capacity_feedback,True,lots_above_zoning_max_existing,7756.0
0,no_capacity_feedback,True,taz_over_capacity,0.0
0,no_capacity_feedback,True,taz_newly_over_capacity,0.0
0,no_capacity_feedback,True,traffic_violations,0.0
0,no_capacity_feedback,True,demand_weighted_tti,1.0559978877572247
0,no_capacity_feedback,True,max_vc,0.9909668809701835
0,no_capacity_feedback,True,catchments_over_capacity,0.0
0,no_capacity_feedback,True,max_sewer_utilisation,0.9982808332983938
0,no_capacity_feedback,True,lots_newly_shaded,0.0
0,no_capacity_feedback,True,solar_compliance,1.0
0,no_capacity_feedback,True,flood_zone_added_floor_area_sqft,97336198.59912243
0,no_capacity_feedback,True,green_space_gini,0.7659114557338936
0,no_capacity_feedback,True,displacement_exposure_share,0.16794380952273205
0,no_capacity_feedback,True,repair_iterations,31.0
0,single_agent_planner,False,added_floor_area_sqft,870314416.8880024
0,single_agent_planner,False,added_residential_floor_area_sqft,350500790.35994947
0,single_agent_planner,False,total_floor_area_sqft,2693902512.108002
0,single_agent_planner,False,lots_changed,33797.0
0,single_agent_planner,False,zoning_violations,0.0
0,single_agent_planner,False,lots_above_zoning_max_existing,7756.0
0,single_agent_planner,False,taz_over_capacity,77.0
0,single_agent_planner,False,taz_newly_over_capacity,77.0
0,single_agent_planner,False,traffic_violations,77.0
0,single_agent_planner,False,demand_weighted_tti,9.075304757678126
0,single_agent_planner,False,max_vc,15.555555555555557
0,single_agent_planner,False,catchments_over_capacity,33.0
0,single_agent_planner,False,max_sewer_utilisation,2.0505194805194797
0,single_agent_planner,False,lots_newly_shaded,3365.0
0,single_agent_planner,False,solar_compliance,0.9199248030840255
0,single_agent_planner,False,flood_zone_added_floor_area_sqft,339841875.5365199
0,single_agent_planner,False,green_space_gini,0.7599977201603547
0,single_agent_planner,False,displacement_exposure_share,0.17749145341329972
0,single_agent_planner,True,added_floor_area_sqft,468394542.6589544
0,single_agent_planner,True,added_residential_floor_area_sqft,195761878.4830218
0,single_agent_planner,True,total_floor_area_sqft,2291982637.878954
0,single_agent_planner,True,lots_changed,33793.0
0,single_agent_planner,True,zoning_violations,0.0
0,single_agent_planner,True,lots_above_zoning_max_existing,7756.0
0,single_agent_planner,True,taz_over_capacity,0.0
0,single_agent_planner,True,taz_newly_over_capacity,0.0
0,single_agent_planner,True,traffic_violations,0.0
0,single_agent_planner,True,demand_weighted_tti,1.058151539081634
0,single_agent_planner,True,max_vc,0.9923268563230747
0,single_agent_planner,True,catchments_over_capacity,0.0
0,single_agent_planner,True,max_sewer_utilisation,0.999374699269909
0,single_agent_planner,True,lots_newly_shaded,0.0
0,single_agent_planner,True,solar_compliance,1.0
0,single_agent_planner,True,flood_zone_added_floor_area_sqft,104882444.29537246
0,single_agent_planner,True,green_space_gini,0.7664270792583208
0,single_agent_planner,True,displacement_exposure_share,0.1592526698595191
0,single_agent_planner,True,repair_iterations,31.0
0,no_equity_agent,False,added_floor_area_sqft,523399391.2625939
0,no_equity_agent,False,added_residential_floor_area_sqft,181182567.2519516
0,no_equity_agent,False,total_floor_area_sqft,2346987486.482594
0,no_equity_agent,False,lots_changed,15806.0
0,no_equity_agent,False,zoning_violations,0.0
0,no_equity_agent,False,lots_above_zoning_max_existing,7756.0
0,no_equity_agent,False,taz_over_capacity,37.0
0,no_equity_agent,False,taz_newly_over_capacity,37.0
0,no_equity_agent,False,traffic_violations,37.0
0,no_equity_agent,False,demand_weighted_tti,1.1241130214166979
0,no_equity_agent,False,max_vc,2.6726616625592756
0,no_equity_agent,False,catchments_over_capacity,17.0
0,no_equity_agent,False,max_sewer_utilisation,1.9656623376623374
0,no_equity_agent,False,lots_newly_shaded,1871.0
0,no_equity_agent,False,solar_compliance,0.9554767627251743
0,no_equity_agent,False,flood_zone_added_floor_area_sqft,195099425.7965199
0,no_equity_agent,False,green_space_gini,0.7736763878029118
0,no_equity_agent,False,displacement_exposure_share,0.15015079083378477
0,no_equity_agent,True,added_floor_area_sqft,366146790.22812796
0,no_equity_agent,True,added_residential_floor_area_sqft,123603766.0314999
0,no_equity_agent,True,total_floor_area_sqft,2189734885.4481277
0,no_equity_agent,True,lots_changed,15802.0
0,no_equity_agent,True,zoning_violations,0.0
0,no_equity_agent,True,lots_above_zoning_max_existing,7756.0
0,no_equity_agent,True,taz_over_capacity,0.0
0,no_equity_agent,True,taz_newly_over_capacity,0.0
0,no_equity_agent,True,traffic_violations,0.0
0,no_equity_agent,True,demand_weighted_tti,1.0516458652830825
0,no_equity_agent,True,max_vc,0.9923268563230747
0,no_equity_agent,True,catchments_over_capacity,0.0
0,no_equity_agent,True,max_sewer_utilisation,0.9994011333099426
0,no_equity_agent,True,lots_newly_shaded,0.0
0,no_equity_agent,True,solar_compliance,1.0
0,no_equity_agent,True,flood_zone_added_floor_area_sqft,102390328.39855117
0,no_equity_agent,True,green_space_gini,0.7720898533373446
0,no_equity_agent,True,displacement_exposure_share,0.13856014190676205
0,no_equity_agent,True,repair_iterations,31.0
1,status_quo,False,added_floor_area_sqft,0.0
1,status_quo,False,added_residential_floor_area_sqft,0.0
1,status_quo,False,total_floor_area_sqft,1823588095.2199998
1,status_quo,False,lots_changed,0.0
1,status_quo,False,zoning_violations,0.0
1,status_quo,False,lots_above_zoning_max_existing,7756.0
1,status_quo,False,taz_over_capacity,0.0
1,status_quo,False,taz_newly_over_capacity,0.0
1,status_quo,False,traffic_violations,0.0
1,status_quo,False,demand_weighted_tti,1.0315511821465744
1,status_quo,False,max_vc,0.7000000000000001
1,status_quo,False,catchments_over_capacity,0.0
1,status_quo,False,max_sewer_utilisation,0.9090909090909091
1,status_quo,False,lots_newly_shaded,0.0
1,status_quo,False,solar_compliance,1.0
1,status_quo,False,flood_zone_added_floor_area_sqft,0.0
1,status_quo,False,green_space_gini,0.7747022387511482
1,status_quo,False,displacement_exposure_share,0.0
1,status_quo,True,added_floor_area_sqft,0.0
1,status_quo,True,added_residential_floor_area_sqft,0.0
1,status_quo,True,total_floor_area_sqft,1823588095.2199998
1,status_quo,True,lots_changed,0.0
1,status_quo,True,zoning_violations,0.0
1,status_quo,True,lots_above_zoning_max_existing,7756.0
1,status_quo,True,taz_over_capacity,0.0
1,status_quo,True,taz_newly_over_capacity,0.0
1,status_quo,True,traffic_violations,0.0
1,status_quo,True,demand_weighted_tti,1.0315511821465744
1,status_quo,True,max_vc,0.7000000000000001
1,status_quo,True,catchments_over_capacity,0.0
1,status_quo,True,max_sewer_utilisation,0.9090909090909091
1,status_quo,True,lots_newly_shaded,0.0
1,status_quo,True,solar_compliance,1.0
1,status_quo,True,flood_zone_added_floor_area_sqft,0.0
1,status_quo,True,green_space_gini,0.7747022387511482
1,status_quo,True,displacement_exposure_share,0.0
1,status_quo,True,repair_iterations,0.0
1,random,False,added_floor_area_sqft,187511716.29576498
1,random,False,added_residential_floor_area_sqft,88677341.37957007
1,random,False,total_floor_area_sqft,2011099811.515765
1,random,False,lots_changed,23218.0
1,random,False,zoning_violations,0.0
1,random,False,lots_above_zoning_max_existing,7756.0
1,random,False,taz_over_capacity,7.0
1,random,False,taz_newly_over_capacity,7.0
1,random,False,traffic_violations,7.0
1,random,False,demand_weighted_tti,1.2656758714563636
1,random,False,max_vc,6.400711667506462
1,random,False,catchments_over_capacity,11.0
1,random,False,max_sewer_utilisation,1.5582207459354618
1,random,False,lots_newly_shaded,4654.0
1,random,False,solar_compliance,0.8892511243842658
1,random,False,flood_zone_added_floor_area_sqft,65223776.691651985
1,random,False,green_space_gini,0.7705145762038416
1,random,False,displacement_exposure_share,0.1862757469240277
1,random,True,added_floor_area_sqft,150262686.76794028
1,random,True,added_residential_floor_area_sqft,69022801.33241814
1,random,True,total_floor_area_sqft,1973850781.9879403
1,random,True,lots_changed,23168.0
1,random,True,zoning_violations,0.0
1,random,True,lots_above_zoning_max_existing,7756.0
1,random,True,taz_over_capacity,0.0
1,random,True,taz_newly_over_capacity,0.0
1,random,True,traffic_violations,0.0
1,random,True,demand_weighted_tti,1.0381635228956876
1,random,True,max_vc,0.9909668809701835
1,random,True,catchments_over_capacity,0.0
1,random,True,max_sewer_utilisation,0.9984913077066028
1,random,True,lots_newly_shaded,0.0
1,random,True,solar_compliance,1.0
1,random,True,flood_zone_added_floor_area_sqft,44025736.069059215
1,random,True,green_space_gini,0.7707834997985706
1,random,True,displacement_exposure_share,0.19132490019740445
1,random,True,repair_iterations,35.0
1,rule_based,False,added_floor_area_sqft,565423818.0978978
1,rule_based,False,added_residential_floor_area_sqft,169456808.46472406
1,rule_based,False,total_floor_area_sqft,2389011913.317898
1,rule_based,False,lots_changed,24087.0
1,rule_based,False,zoning_violations,0.0
1,rule_based,False,lots_above_zoning_max_existing,7756.0
1,rule_based,False,taz_over_capacity,40.0
1,rule_based,False,taz_newly_over_capacity,40.0
1,rule_based,False,traffic_violations,40.0
1,rule_based,False,demand_weighted_tti,3.8298398446988684
1,rule_based,False,max_vc,12.366666666666664
1,rule_based,False,catchments_over_capacity,25.0
1,rule_based,False,max_sewer_utilisation,2.0505194805194797
1,rule_based,False,lots_newly_shaded,4661.0
1,rule_based,False,solar_compliance,0.8890845489374866
1,rule_based,False,flood_zone_added_floor_area_sqft,258472491.31651992
1,rule_based,False,green_space_gini,0.7684195982871254
1,rule_based,False,displacement_exposure_share,0.13818091049442208
1,rule_based,True,added_floor_area_sqft,336843565.55124164
1,rule_based,True,added_residential_floor_area_sqft,110525171.77439651
1,rule_based,True,total_floor_area_sqft,2160431660.7712417
1,rule_based,True,lots_changed,24083.0
1,rule_based,True,zoning_violations,0.0
1,rule_based,True,lots_above_zoning_max_existing,7756.0
1,rule_based,True,taz_over_capacity,0.0
1,rule_based,True,taz_newly_over_capacity,0.0
1,rule_based,True,traffic_violations,0.0
1,rule_based,True,demand_weighted_tti,1.0472959169595417
1,rule_based,True,max_vc,0.9837703718091264
1,rule_based,True,catchments_over_capacity,0.0
1,rule_based,True,max_sewer_utilisation,0.9993172734840835
1,rule_based,True,lots_newly_shaded,0.0
1,rule_based,True,solar_compliance,1.0
1,rule_based,True,flood_zone_added_floor_area_sqft,100706507.54613417
1,rule_based,True,green_space_gini,0.7695174217035944
1,rule_based,True,displacement_exposure_share,0.15072450546612812
1,rule_based,True,repair_iterations,31.0
1,zoning_buildout,False,added_floor_area_sqft,1029946892.3710611
1,zoning_buildout,False,added_residential_floor_area_sqft,364949638.84931636
1,zoning_buildout,False,total_floor_area_sqft,2853534987.5910606
1,zoning_buildout,False,lots_changed,34002.0
1,zoning_buildout,False,zoning_violations,0.0
1,zoning_buildout,False,lots_above_zoning_max_existing,7756.0
1,zoning_buildout,False,taz_over_capacity,85.0
1,zoning_buildout,False,taz_newly_over_capacity,85.0
1,zoning_buildout,False,traffic_violations,85.0
1,zoning_buildout,False,demand_weighted_tti,9.481896547791584
1,zoning_buildout,False,max_vc,15.555555555555557
1,zoning_buildout,False,catchments_over_capacity,38.0
1,zoning_buildout,False,max_sewer_utilisation,2.191948051948051
1,zoning_buildout,False,lots_newly_shaded,3201.0
1,zoning_buildout,False,solar_compliance,0.9238274278371368
1,zoning_buildout,False,flood_zone_added_floor_area_sqft,407123748.4530105
1,zoning_buildout,False,green_space_gini,0.7610690995745328
1,zoning_buildout,False,displacement_exposure_share,0.1519607925994045
1,zoning_buildout,True,added_floor_area_sqft,521230648.90824026
1,zoning_buildout,True,added_residential_floor_area_sqft,202965164.94297776
1,zoning_buildout,True,total_floor_area_sqft,2344818744.1282406
1,zoning_buildout,True,lots_changed,33998.0
1,zoning_buildout,True,zoning_violations,0.0
1,zoning_buildout,True,lots_above_zoning_max_existing,7756.0
1,zoning_buildout,True,taz_over_capacity,0.0
1,zoning_buildout,True,taz_newly_over_capacity,0.0
1,zoning_buildout,True,traffic_violations,0.0
1,zoning_buildout,True,demand_weighted_tti,1.0623610099815295
1,zoning_buildout,True,max_vc,0.9909668809701835
1,zoning_buildout,True,catchments_over_capacity,0.0
1,zoning_buildout,True,max_sewer_utilisation,0.9989245642742254
1,zoning_buildout,True,lots_newly_shaded,0.0
1,zoning_buildout,True,solar_compliance,1.0
1,zoning_buildout,True,flood_zone_added_floor_area_sqft,116908503.70758323
1,zoning_buildout,True,green_space_gini,0.7664996293661055
1,zoning_buildout,True,displacement_exposure_share,0.14583796183553896
1,zoning_buildout,True,repair_iterations,31.0
1,pimaluos,False,added_floor_area_sqft,473616162.40172356
1,pimaluos,False,added_residential_floor_area_sqft,164909151.56864533
1,pimaluos,False,total_floor_area_sqft,2297204257.6217237
1,pimaluos,False,lots_changed,20232.0
1,pimaluos,False,zoning_violations,0.0
1,pimaluos,False,lots_above_zoning_max_existing,7756.0
1,pimaluos,False,taz_over_capacity,19.0
1,pimaluos,False,taz_newly_over_capacity,19.0
1,pimaluos,False,traffic_violations,19.0
1,pimaluos,False,demand_weighted_tti,1.0693464327950886
1,pimaluos,False,max_vc,2.1212121212121207
1,pimaluos,False,catchments_over_capacity,18.0
1,pimaluos,False,max_sewer_utilisation,1.9373766233766228
1,pimaluos,False,lots_newly_shaded,2200.0
1,pimaluos,False,solar_compliance,0.9476477167265545
1,pimaluos,False,flood_zone_added_floor_area_sqft,140958676.68651992
1,pimaluos,False,green_space_gini,0.7695895912561607
1,pimaluos,False,displacement_exposure_share,0.1467265515129454
1,pimaluos,True,added_floor_area_sqft,362889532.5762818
1,pimaluos,True,added_residential_floor_area_sqft,141061257.3413552
1,pimaluos,True,total_floor_area_sqft,2186477627.796282
1,pimaluos,True,lots_changed,20229.0
1,pimaluos,True,zoning_violations,0.0
1,pimaluos,True,lots_above_zoning_max_existing,7756.0
1,pimaluos,True,taz_over_capacity,0.0
1,pimaluos,True,taz_newly_over_capacity,0.0
1,pimaluos,True,traffic_violations,0.0
1,pimaluos,True,demand_weighted_tti,1.051458209041719
1,pimaluos,True,max_vc,0.994059101451518
1,pimaluos,True,catchments_over_capacity,0.0
1,pimaluos,True,max_sewer_utilisation,0.9997072968602297
1,pimaluos,True,lots_newly_shaded,0.0
1,pimaluos,True,solar_compliance,1.0
1,pimaluos,True,flood_zone_added_floor_area_sqft,80933997.30400038
1,pimaluos,True,green_space_gini,0.770389709730662
1,pimaluos,True,displacement_exposure_share,0.14972974030021338
1,pimaluos,True,repair_iterations,31.0
1,no_gnn,False,added_floor_area_sqft,444726217.2266561
1,no_gnn,False,added_residential_floor_area_sqft,193676795.50549382
1,no_gnn,False,total_floor_area_sqft,2268314312.446656
1,no_gnn,False,lots_changed,22700.0
1,no_gnn,False,zoning_violations,0.0
1,no_gnn,False,lots_above_zoning_max_existing,7756.0
1,no_gnn,False,taz_over_capacity,16.0
1,no_gnn,False,taz_newly_over_capacity,16.0
1,no_gnn,False,traffic_violations,16.0
1,no_gnn,False,demand_weighted_tti,1.1225591561898773
1,no_gnn,False,max_vc,4.588888888888889
1,no_gnn,False,catchments_over_capacity,11.0
1,no_gnn,False,max_sewer_utilisation,2.0505194805194797
1,no_gnn,False,lots_newly_shaded,2927.0
1,no_gnn,False,solar_compliance,0.9303476667539204
1,no_gnn,False,flood_zone_added_floor_area_sqft,139780939.02651992
1,no_gnn,False,green_space_gini,0.7751377583803756
1,no_gnn,False,displacement_exposure_share,0.14849154916437834
1,no_gnn,True,added_floor_area_sqft,349803038.3942129
1,no_gnn,True,added_residential_floor_area_sqft,152357145.41776913
1,no_gnn,True,total_floor_area_sqft,2173391133.614213
1,no_gnn,True,lots_changed,22694.0
1,no_gnn,True,zoning_violations,0.0
1,no_gnn,True,lots_above_zoning_max_existing,7756.0
1,no_gnn,True,taz_over_capacity,0.0
1,no_gnn,True,taz_newly_over_capacity,0.0
1,no_gnn,True,traffic_violations,0.0
1,no_gnn,True,demand_weighted_tti,1.0483078957430727
1,no_gnn,True,max_vc,0.9961652537172604
1,no_gnn,True,catchments_over_capacity,0.0
1,no_gnn,True,max_sewer_utilisation,0.9984766760544062
1,no_gnn,True,lots_newly_shaded,0.0
1,no_gnn,True,solar_compliance,1.0
1,no_gnn,True,flood_zone_added_floor_area_sqft,83963808.14626601
1,no_gnn,True,green_space_gini,0.7702195791100225
1,no_gnn,True,displacement_exposure_share,0.16177156969021253
1,no_gnn,True,repair_iterations,34.0
1,no_capacity_feedback,False,added_floor_area_sqft,768276271.3181031
1,no_capacity_feedback,False,added_residential_floor_area_sqft,350650047.69102454
1,no_capacity_feedback,False,total_floor_area_sqft,2591864366.538103
1,no_capacity_feedback,False,lots_changed,32909.0
1,no_capacity_feedback,False,zoning_violations,0.0
1,no_capacity_feedback,False,lots_above_zoning_max_existing,7756.0
1,no_capacity_feedback,False,taz_over_capacity,66.0
1,no_capacity_feedback,False,taz_newly_over_capacity,66.0
1,no_capacity_feedback,False,traffic_violations,66.0
1,no_capacity_feedback,False,demand_weighted_tti,4.2503641177246205
1,no_capacity_feedback,False,max_vc,12.366666666666664
1,no_capacity_feedback,False,catchments_over_capacity,27.0
1,no_capacity_feedback,False,max_sewer_utilisation,2.0505194805194797
1,no_capacity_feedback,False,lots_newly_shaded,3319.0
1,no_capacity_feedback,False,solar_compliance,0.9210194417342884
1,no_capacity_feedback,False,flood_zone_added_floor_area_sqft,299602182.7265199
1,no_capacity_feedback,False,green_space_gini,0.7599827947587038
1,no_capacity_feedback,False,displacement_exposure_share,0.20128721066014799
1,no_capacity_feedback,True,added_floor_area_sqft,429392450.8819317
1,no_capacity_feedback,True,added_residential_floor_area_sqft,207090475.05430305
1,no_capacity_feedback,True,total_floor_area_sqft,2252980546.1019316
1,no_capacity_feedback,True,lots_changed,32900.0
1,no_capacity_feedback,True,zoning_violations,0.0
1,no_capacity_feedback,True,lots_above_zoning_max_existing,7756.0
1,no_capacity_feedback,True,taz_over_capacity,0.0
1,no_capacity_feedback,True,taz_newly_over_capacity,0.0
1,no_capacity_feedback,True,traffic_violations,0.0
1,no_capacity_feedback,True,demand_weighted_tti,1.0529821121803342
1,no_capacity_feedback,True,max_vc,0.9850220179567118
1,no_capacity_feedback,True,catchments_over_capacity,0.0
1,no_capacity_feedback,True,max_sewer_utilisation,0.9995738302425423
1,no_capacity_feedback,True,lots_newly_shaded,0.0
1,no_capacity_feedback,True,solar_compliance,1.0
1,no_capacity_feedback,True,flood_zone_added_floor_area_sqft,98654383.16835585
1,no_capacity_feedback,True,green_space_gini,0.7637361444029965
1,no_capacity_feedback,True,displacement_exposure_share,0.1888517161544197
1,no_capacity_feedback,True,repair_iterations,32.0
1,single_agent_planner,False,added_floor_area_sqft,869025272.0980023
1,single_agent_planner,False,added_residential_floor_area_sqft,350522316.8968854
1,single_agent_planner,False,total_floor_area_sqft,2692613367.318002
1,single_agent_planner,False,lots_changed,33809.0
1,single_agent_planner,False,zoning_violations,0.0
1,single_agent_planner,False,lots_above_zoning_max_existing,7756.0
1,single_agent_planner,False,taz_over_capacity,77.0
1,single_agent_planner,False,taz_newly_over_capacity,77.0
1,single_agent_planner,False,traffic_violations,77.0
1,single_agent_planner,False,demand_weighted_tti,9.073772048295499
1,single_agent_planner,False,max_vc,15.555555555555557
1,single_agent_planner,False,catchments_over_capacity,33.0
1,single_agent_planner,False,max_sewer_utilisation,2.0505194805194797
1,single_agent_planner,False,lots_newly_shaded,3342.0
1,single_agent_planner,False,solar_compliance,0.9204721224091569
1,single_agent_planner,False,flood_zone_added_floor_area_sqft,338085708.43651986
1,single_agent_planner,False,green_space_gini,0.760021768985473
1,single_agent_planner,False,displacement_exposure_share,0.1777911345397284
1,single_agent_planner,True,added_floor_area_sqft,468486536.4871404
1,single_agent_planner,True,added_residential_floor_area_sqft,195676222.87363237
1,single_agent_planner,True,total_floor_area_sqft,2292074631.7071404
1,single_agent_planner,True,lots_changed,33805.0
1,single_agent_planner,True,zoning_violations,0.0
1,single_agent_planner,True,lots_above_zoning_max_existing,7756.0
1,single_agent_planner,True,taz_over_capacity,0.0
1,single_agent_planner,True,taz_newly_over_capacity,0.0
1,single_agent_planner,True,traffic_violations,0.0
1,single_agent_planner,True,demand_weighted_tti,1.0582021222043032
1,single_agent_planner,True,max_vc,0.9923268563230747
1,single_agent_planner,True,catchments_over_capacity,0.0
1,single_agent_planner,True,max_sewer_utilisation,0.99906481922458
1,single_agent_planner,True,lots_newly_shaded,0.0
1,single_agent_planner,True,solar_compliance,1.0
1,single_agent_planner,True,flood_zone_added_floor_area_sqft,104734471.26782362
1,single_agent_planner,True,green_space_gini,0.7664553029492003
1,single_agent_planner,True,displacement_exposure_share,0.159173473719393
1,single_agent_planner,True,repair_iterations,31.0
1,no_equity_agent,False,added_floor_area_sqft,511285959.93853426
1,no_equity_agent,False,added_residential_floor_area_sqft,194867057.06332597
1,no_equity_agent,False,total_floor_area_sqft,2334874055.158534
1,no_equity_agent,False,lots_changed,14566.0
1,no_equity_agent,False,zoning_violations,0.0
1,no_equity_agent,False,lots_above_zoning_max_existing,7756.0
1,no_equity_agent,False,taz_over_capacity,30.0
1,no_equity_agent,False,taz_newly_over_capacity,30.0
1,no_equity_agent,False,traffic_violations,30.0
1,no_equity_agent,False,demand_weighted_tti,1.135193943600691
1,no_equity_agent,False,max_vc,2.841557311687367
1,no_equity_agent,False,catchments_over_capacity,19.0
1,no_equity_agent,False,max_sewer_utilisation,2.0505194805194797
1,no_equity_agent,False,lots_newly_shaded,1713.0
1,no_equity_agent,False,solar_compliance,0.9592366085239036
1,no_equity_agent,False,flood_zone_added_floor_area_sqft,224409830.3179615
1,no_equity_agent,False,green_space_gini,0.7739002225960028
1,no_equity_agent,False,displacement_exposure_share,0.15894684784571392
1,no_equity_agent,True,added_floor_area_sqft,314087661.93737686
1,no_equity_agent,True,added_residential_floor_area_sqft,129113996.67229122
1,no_equity_agent,True,total_floor_area_sqft,2137675757.1573768
1,no_equity_agent,True,lots_changed,14554.0
1,no_equity_agent,True,zoning_violations,0.0
1,no_equity_agent,True,lots_above_zoning_max_existing,7756.0
1,no_equity_agent,True,taz_over_capacity,0.0
1,no_equity_agent,True,taz_newly_over_capacity,0.0
1,no_equity_agent,True,traffic_violations,0.0
1,no_equity_agent,True,demand_weighted_tti,1.0477397924078797
1,no_equity_agent,True,max_vc,0.9885862869149753
1,no_equity_agent,True,catchments_over_capacity,0.0
1,no_equity_agent,True,max_sewer_utilisation,0.9988730237302723
1,no_equity_agent,True,lots_newly_shaded,0.0
1,no_equity_agent,True,solar_compliance,1.0
1,no_equity_agent,True,flood_zone_added_floor_area_sqft,80900708.26874277
1,no_equity_agent,True,green_space_gini,0.7714254730919571
1,no_equity_agent,True,displacement_exposure_share,0.16380537402121695
1,no_equity_agent,True,repair_iterations,32.0
2,status_quo,False,added_floor_area_sqft,0.0
2,status_quo,False,added_residential_floor_area_sqft,0.0
2,status_quo,False,total_floor_area_sqft,1823588095.2199998
2,status_quo,False,lots_changed,0.0
2,status_quo,False,zoning_violations,0.0
2,status_quo,False,lots_above_zoning_max_existing,7756.0
2,status_quo,False,taz_over_capacity,0.0
2,status_quo,False,taz_newly_over_capacity,0.0
2,status_quo,False,traffic_violations,0.0
2,status_quo,False,demand_weighted_tti,1.0315511821465744
2,status_quo,False,max_vc,0.7000000000000001
2,status_quo,False,catchments_over_capacity,0.0
2,status_quo,False,max_sewer_utilisation,0.9090909090909091
2,status_quo,False,lots_newly_shaded,0.0
2,status_quo,False,solar_compliance,1.0
2,status_quo,False,flood_zone_added_floor_area_sqft,0.0
2,status_quo,False,green_space_gini,0.7747022387511482
2,status_quo,False,displacement_exposure_share,0.0
2,status_quo,True,added_floor_area_sqft,0.0
2,status_quo,True,added_residential_floor_area_sqft,0.0
2,status_quo,True,total_floor_area_sqft,1823588095.2199998
2,status_quo,True,lots_changed,0.0
2,status_quo,True,zoning_violations,0.0
2,status_quo,True,lots_above_zoning_max_existing,7756.0
2,status_quo,True,taz_over_capacity,0.0
2,status_quo,True,taz_newly_over_capacity,0.0
2,status_quo,True,traffic_violations,0.0
2,status_quo,True,demand_weighted_tti,1.0315511821465744
2,status_quo,True,max_vc,0.7000000000000001
2,status_quo,True,catchments_over_capacity,0.0
2,status_quo,True,max_sewer_utilisation,0.9090909090909091
2,status_quo,True,lots_newly_shaded,0.0
2,status_quo,True,solar_compliance,1.0
2,status_quo,True,flood_zone_added_floor_area_sqft,0.0
2,status_quo,True,green_space_gini,0.7747022387511482
2,status_quo,True,displacement_exposure_share,0.0
2,status_quo,True,repair_iterations,0.0
2,random,False,added_floor_area_sqft,192061016.72962338
2,random,False,added_residential_floor_area_sqft,92350584.53622822
2,random,False,total_floor_area_sqft,2015649111.9496236
2,random,False,lots_changed,23088.0
2,random,False,zoning_violations,0.0
2,random,False,lots_above_zoning_max_existing,7756.0
2,random,False,taz_over_capacity,8.0
2,random,False,taz_newly_over_capacity,8.0
2,random,False,traffic_violations,8.0
2,random,False,demand_weighted_tti,1.4920976831067947
2,random,False,max_vc,8.477777777777776
2,random,False,catchments_over_capacity,9.0
2,random,False,max_sewer_utilisation,1.9373766233766228
2,random,False,lots_newly_shaded,4622.0
2,random,False,solar_compliance,0.8900126121409704
2,random,False,flood_zone_added_floor_area_sqft,67809816.32371166
2,random,False,green_space_gini,0.7690543061330917
2,random,False,displacement_exposure_share,0.2020638445574478
2,random,True,added_floor_area_sqft,156711053.75779495
2,random,True,added_residential_floor_area_sqft,71905291.84500685
2,random,True,total_floor_area_sqft,1980299148.977795
2,random,True,lots_changed,23026.0
2,random,True,zoning_violations,0.0
2,random,True,lots_above_zoning_max_existing,7756.0
2,random,True,taz_over_capacity,0.0
2,random,True,taz_newly_over_capacity,0.0
2,random,True,traffic_violations,0.0
2,random,True,demand_weighted_tti,1.0379862776364017
2,random,True,max_vc,0.9894122812017581
2,random,True,catchments_over_capacity,0.0
2,random,True,max_sewer_utilisation,0.9929783160657668
2,random,True,lots_newly_shaded,0.0
2,random,True,solar_compliance,1.0
2,random,True,flood_zone_added_floor_area_sqft,48203586.33565503
2,random,True,green_space_gini,0.7691401006793461
2,random,True,displacement_exposure_share,0.20089745261474695
2,random,True,repair_iterations,33.0
2,rule_based,False,added_floor_area_sqft,565423818.0978978
2,rule_based,False,added_residential_floor_area_sqft,169456808.46472406
2,rule_based,False,total_floor_area_sqft,2389011913.317898
2,rule_based,False,lots_changed,24087.0
2,rule_based,False,zoning_violations,0.0
2,rule_based,False,lots_above_zoning_max_existing,7756.0
2,rule_based,False,taz_over_capacity,40.0
2,rule_based,False,taz_newly_over_capacity,40.0
2,rule_based,False,traffic_violations,40.0
2,rule_based,False,demand_weighted_tti,3.8298398446988684
2,rule_based,False,max_vc,12.366666666666664
2,rule_based,False,catchments_over_capacity,25.0
2,rule_based,False,max_sewer_utilisation,2.0505194805194797
2,rule_based,False,lots_newly_shaded,4661.0
2,rule_based,False,solar_compliance,0.8890845489374866
2,rule_based,False,flood_zone_added_floor_area_sqft,258472491.31651992
2,rule_based,False,green_space_gini,0.7684195982871254
2,rule_based,False,displacement_exposure_share,0.13818091049442208
2,rule_based,True,added_floor_area_sqft,336843565.55124164
2,rule_based,True,added_residential_floor_area_sqft,110525171.77439651
2,rule_based,True,total_floor_area_sqft,2160431660.7712417
2,rule_based,True,lots_changed,24083.0
2,rule_based,True,zoning_violations,0.0
2,rule_based,True,lots_above_zoning_max_existing,7756.0
2,rule_based,True,taz_over_capacity,0.0
2,rule_based,True,taz_newly_over_capacity,0.0
2,rule_based,True,traffic_violations,0.0
2,rule_based,True,demand_weighted_tti,1.0472959169595417
2,rule_based,True,max_vc,0.9837703718091264
2,rule_based,True,catchments_over_capacity,0.0
2,rule_based,True,max_sewer_utilisation,0.9993172734840835
2,rule_based,True,lots_newly_shaded,0.0
2,rule_based,True,solar_compliance,1.0
2,rule_based,True,flood_zone_added_floor_area_sqft,100706507.54613417
2,rule_based,True,green_space_gini,0.7695174217035944
2,rule_based,True,displacement_exposure_share,0.15072450546612812
2,rule_based,True,repair_iterations,31.0
2,zoning_buildout,False,added_floor_area_sqft,1029946892.3710611
2,zoning_buildout,False,added_residential_floor_area_sqft,364949638.84931636
2,zoning_buildout,False,total_floor_area_sqft,2853534987.5910606
2,zoning_buildout,False,lots_changed,34002.0
2,zoning_buildout,False,zoning_violations,0.0
2,zoning_buildout,False,lots_above_zoning_max_existing,7756.0
2,zoning_buildout,False,taz_over_capacity,85.0
2,zoning_buildout,False,taz_newly_over_capacity,85.0
2,zoning_buildout,False,traffic_violations,85.0
2,zoning_buildout,False,demand_weighted_tti,9.481896547791584
2,zoning_buildout,False,max_vc,15.555555555555557
2,zoning_buildout,False,catchments_over_capacity,38.0
2,zoning_buildout,False,max_sewer_utilisation,2.191948051948051
2,zoning_buildout,False,lots_newly_shaded,3201.0
2,zoning_buildout,False,solar_compliance,0.9238274278371368
2,zoning_buildout,False,flood_zone_added_floor_area_sqft,407123748.4530105
2,zoning_buildout,False,green_space_gini,0.7610690995745328
2,zoning_buildout,False,displacement_exposure_share,0.1519607925994045
2,zoning_buildout,True,added_floor_area_sqft,521230648.90824026
2,zoning_buildout,True,added_residential_floor_area_sqft,202965164.94297776
2,zoning_buildout,True,total_floor_area_sqft,2344818744.1282406
2,zoning_buildout,True,lots_changed,33998.0
2,zoning_buildout,True,zoning_violations,0.0
2,zoning_buildout,True,lots_above_zoning_max_existing,7756.0
2,zoning_buildout,True,taz_over_capacity,0.0
2,zoning_buildout,True,taz_newly_over_capacity,0.0
2,zoning_buildout,True,traffic_violations,0.0
2,zoning_buildout,True,demand_weighted_tti,1.0623610099815295
2,zoning_buildout,True,max_vc,0.9909668809701835
2,zoning_buildout,True,catchments_over_capacity,0.0
2,zoning_buildout,True,max_sewer_utilisation,0.9989245642742254
2,zoning_buildout,True,lots_newly_shaded,0.0
2,zoning_buildout,True,solar_compliance,1.0
2,zoning_buildout,True,flood_zone_added_floor_area_sqft,116908503.70758323
2,zoning_buildout,True,green_space_gini,0.7664996293661055
2,zoning_buildout,True,displacement_exposure_share,0.14583796183553896
2,zoning_buildout,True,repair_iterations,31.0
2,pimaluos,False,added_floor_area_sqft,621154320.2958529
2,pimaluos,False,added_residential_floor_area_sqft,225451926.3957581
2,pimaluos,False,total_floor_area_sqft,2444742415.515853
2,pimaluos,False,lots_changed,20396.0
2,pimaluos,False,zoning_violations,0.0
2,pimaluos,False,lots_above_zoning_max_existing,7756.0
2,pimaluos,False,taz_over_capacity,39.0
2,pimaluos,False,taz_newly_over_capacity,39.0
2,pimaluos,False,traffic_violations,39.0
2,pimaluos,False,demand_weighted_tti,1.1400698633463513
2,pimaluos,False,max_vc,2.841557311687367
2,pimaluos,False,catchments_over_capacity,25.0
2,pimaluos,False,max_sewer_utilisation,2.0505194805194797
2,pimaluos,False,lots_newly_shaded,2074.0
2,pimaluos,False,solar_compliance,0.9506460747685791
2,pimaluos,False,flood_zone_added_floor_area_sqft,273482353.9765199
2,pimaluos,False,green_space_gini,0.7735555969251688
2,pimaluos,False,displacement_exposure_share,0.13928615758285603
2,pimaluos,True,added_floor_area_sqft,375481910.1286751
2,pimaluos,True,added_residential_floor_area_sqft,151477994.61572903
2,pimaluos,True,total_floor_area_sqft,2199070005.348675
2,pimaluos,True,lots_changed,20386.0
2,pimaluos,True,zoning_violations,0.0
2,pimaluos,True,lots_above_zoning_max_existing,7756.0
2,pimaluos,True,taz_over_capacity,0.0
2,pimaluos,True,taz_newly_over_capacity,0.0
2,pimaluos,True,traffic_violations,0.0
2,pimaluos,True,demand_weighted_tti,1.050994279569432
2,pimaluos,True,max_vc,0.9989824110737282
2,pimaluos,True,catchments_over_capacity,0.0
2,pimaluos,True,max_sewer_utilisation,0.9983126478911045
2,pimaluos,True,lots_newly_shaded,0.0
2,pimaluos,True,solar_compliance,1.0
2,pimaluos,True,flood_zone_added_floor_area_sqft,98339578.05165663
2,pimaluos,True,green_space_gini,0.7714156742135422
2,pimaluos,True,displacement_exposure_share,0.14984898048109208
2,pimaluos,True,repair_iterations,32.0
2,no_gnn,False,added_floor_area_sqft,524419297.54886496
2,no_gnn,False,added_residential_floor_area_sqft,171150951.4180559
2,no_gnn,False,total_floor_area_sqft,2348007392.7688646
2,no_gnn,False,lots_changed,19907.0
2,no_gnn,False,zoning_violations,0.0
2,no_gnn,False,lots_above_zoning_max_existing,7756.0
2,no_gnn,False,taz_over_capacity,34.0
2,no_gnn,False,taz_newly_over_capacity,34.0
2,no_gnn,False,traffic_violations,34.0
2,no_gnn,False,demand_weighted_tti,1.0879777695342379
2,no_gnn,False,max_vc,4.267141111670974
2,no_gnn,False,catchments_over_capacity,23.0
2,no_gnn,False,max_sewer_utilisation,2.0505194805194797
2,no_gnn,False,lots_newly_shaded,2264.0
2,no_gnn,False,solar_compliance,0.9461247412131452
2,no_gnn,False,flood_zone_added_floor_area_sqft,220587171.2565199
2,no_gnn,False,green_space_gini,0.7721287418042084
2,no_gnn,False,displacement_exposure_share,0.13636893290208554
2,no_gnn,True,added_floor_area_sqft,345893894.1502843
2,no_gnn,True,added_residential_floor_area_sqft,140957023.19289905
2,no_gnn,True,total_floor_area_sqft,2169481989.370284
2,no_gnn,True,lots_changed,19896.0
2,no_gnn,True,zoning_violations,0.0
2,no_gnn,True,lots_above_zoning_max_existing,7756.0
2,no_gnn,True,taz_over_capacity,0.0
2,no_gnn,True,taz_newly_over_capacity,0.0
2,no_gnn,True,traffic_violations,0.0
2,no_gnn,True,demand_weighted_tti,1.0495094423821036
2,no_gnn,True,max_vc,0.9990705794376479
2,no_gnn,True,catchments_over_capacity,0.0
2,no_gnn,True,max_sewer_utilisation,0.9999332354255823
2,no_gnn,True,lots_newly_shaded,0.0
2,no_gnn,True,solar_compliance,1.0
2,no_gnn,True,flood_zone_added_floor_area_sqft,91613836.79474744
2,no_gnn,True,green_space_gini,0.7719700545337431
2,no_gnn,True,displacement_exposure_share,0.15684688340126748
2,no_gnn,True,repair_iterations,35.0
2,no_capacity_feedback,False,added_floor_area_sqft,840144090.5084096
2,no_capacity_feedback,False,added_residential_floor_area_sqft,350419694.89218426
2,no_capacity_feedback,False,total_floor_area_sqft,2663732185.72841
2,no_capacity_feedback,False,lots_changed,33271.0
2,no_capacity_feedback,False,zoning_violations,0.0
2,no_capacity_feedback,False,lots_above_zoning_max_existing,7756.0
2,no_capacity_feedback,False,taz_over_capacity,76.0
2,no_capacity_feedback,False,taz_newly_over_capacity,76.0
2,no_capacity_feedback,False,traffic_violations,76.0
2,no_capacity_feedback,False,demand_weighted_tti,9.161668559912709
2,no_capacity_feedback,False,max_vc,15.555555555555557
2,no_capacity_feedback,False,catchments_over_capacity,33.0
2,no_capacity_feedback,False,max_sewer_utilisation,2.0505194805194797
2,no_capacity_feedback,False,lots_newly_shaded,3375.0
2,no_capacity_feedback,False,solar_compliance,0.9196868381600553
2,no_capacity_feedback,False,flood_zone_added_floor_area_sqft,337153197.0765199
2,no_capacity_feedback,False,green_space_gini,0.7600432037859262
2,no_capacity_feedback,False,displacement_exposure_share,0.18381272747695915
2,no_capacity_feedback,True,added_floor_area_sqft,444668552.4519019
2,no_capacity_feedback,True,added_residential_floor_area_sqft,195342262.54713243
2,no_capacity_feedback,True,total_floor_area_sqft,2268256647.6719017
2,no_capacity_feedback,True,lots_changed,33267.0
2,no_capacity_feedback,True,zoning_violations,0.0
2,no_capacity_feedback,True,lots_above_zoning_max_existing,7756.0
2,no_capacity_feedback,True,taz_over_capacity,0.0
2,no_capacity_feedback,True,taz_newly_over_capacity,0.0
2,no_capacity_feedback,True,traffic_violations,0.0
2,no_capacity_feedback,True,demand_weighted_tti,1.0554996805846544
2,no_capacity_feedback,True,max_vc,0.9909668809701835
2,no_capacity_feedback,True,catchments_over_capacity,0.0
2,no_capacity_feedback,True,max_sewer_utilisation,0.9988317799308933
2,no_capacity_feedback,True,lots_newly_shaded,0.0
2,no_capacity_feedback,True,solar_compliance,1.0
2,no_capacity_feedback,True,flood_zone_added_floor_area_sqft,104353402.96954237
2,no_capacity_feedback,True,green_space_gini,0.7664838048040676
2,no_capacity_feedback,True,displacement_exposure_share,0.16730777692908833
2,no_capacity_feedback,True,repair_iterations,31.0
2,single_agent_planner,False,added_floor_area_sqft,870127508.8980024
2,single_agent_planner,False,added_residential_floor_area_sqft,350704863.9781064
2,single_agent_planner,False,total_floor_area_sqft,2693715604.1180024
2,single_agent_planner,False,lots_changed,33896.0
2,single_agent_planner,False,zoning_violations,0.0
2,single_agent_planner,False,lots_above_zoning_max_existing,7756.0
2,single_agent_planner,False,taz_over_capacity,77.0
2,single_agent_planner,False,taz_newly_over_capacity,77.0
2,single_agent_planner,False,traffic_violations,77.0
2,single_agent_planner,False,demand_weighted_tti,9.07456709323928
2,single_agent_planner,False,max_vc,15.555555555555557
2,single_agent_planner,False,catchments_over_capacity,33.0
2,single_agent_planner,False,max_sewer_utilisation,2.0505194805194797
2,single_agent_planner,False,lots_newly_shaded,3311.0
2,single_agent_planner,False,solar_compliance,0.9212098136734646
2,single_agent_planner,False,flood_zone_added_floor_area_sqft,339236547.1565199
2,single_agent_planner,False,green_space_gini,0.7599833031777232
2,single_agent_planner,False,displacement_exposure_share,0.17770436774930815
2,single_agent_planner,True,added_floor_area_sqft,468933987.83328056
2,single_agent_planner,True,added_residential_floor_area_sqft,196183620.72896507
2,single_agent_planner,True,total_floor_area_sqft,2292522083.053281
2,single_agent_planner,True,lots_changed,33892.0
2,single_agent_planner,True,zoning_violations,0.0
2,single_agent_planner,True,lots_above_zoning_max_existing,7756.0
2,single_agent_planner,True,taz_over_capacity,0.0
2,single_agent_planner,True,taz_newly_over_capacity,0.0
2,single_agent_planner,True,traffic_violations,0.0
2,single_agent_planner,True,demand_weighted_tti,1.058165232207929
2,single_agent_planner,True,max_vc,0.9923268563230747
2,single_agent_planner,True,catchments_over_capacity,0.0
2,single_agent_planner,True,max_sewer_utilisation,0.9967136374643388
2,single_agent_planner,True,lots_newly_shaded,0.0
2,single_agent_planner,True,solar_compliance,1.0
2,single_agent_planner,True,flood_zone_added_floor_area_sqft,104738055.90446424
2,single_agent_planner,True,green_space_gini,0.7664265591287891
2,single_agent_planner,True,displacement_exposure_share,0.159671168185846
2,single_agent_planner,True,repair_iterations,31.0
2,no_equity_agent,False,added_floor_area_sqft,542656703.723948
2,no_equity_agent,False,added_residential_floor_area_sqft,198782333.12266526
2,no_equity_agent,False,total_floor_area_sqft,2366244798.943948
2,no_equity_agent,False,lots_changed,15432.0
2,no_equity_agent,False,zoning_violations,0.0
2,no_equity_agent,False,lots_above_zoning_max_existing,7756.0
2,no_equity_agent,False,taz_over_capacity,40.0
2,no_equity_agent,False,taz_newly_over_capacity,40.0
2,no_equity_agent,False,traffic_violations,40.0
2,no_equity_agent,False,demand_weighted_tti,1.1653302114436834
2,no_equity_agent,False,max_vc,3.717241379310345
2,no_equity_agent,False,catchments_over_capacity,21.0
2,no_equity_agent,False,max_sewer_utilisation,2.0505194805194797
2,no_equity_agent,False,lots_newly_shaded,1792.0
2,no_equity_agent,False,solar_compliance,0.9573566856245389
2,no_equity_agent,False,flood_zone_added_floor_area_sqft,255297863.30651993
2,no_equity_agent,False,green_space_gini,0.775163123861384
2,no_equity_agent,False,displacement_exposure_share,0.14751457085237024
2,no_equity_agent,True,added_floor_area_sqft,318469899.7445377
2,no_equity_agent,True,added_residential_floor_area_sqft,128375651.97748935
2,no_equity_agent,True,total_floor_area_sqft,2142057994.9645376
2,no_equity_agent,True,lots_changed,15417.0
2,no_equity_agent,True,zoning_violations,0.0
2,no_equity_agent,True,lots_above_zoning_max_existing,7756.0
2,no_equity_agent,True,taz_over_capacity,0.0
2,no_equity_agent,True,taz_newly_over_capacity,0.0
2,no_equity_agent,True,traffic_violations,0.0
2,no_equity_agent,True,demand_weighted_tti,1.0469486852308152
2,no_equity_agent,True,max_vc,0.9909668809701835
2,no_equity_agent,True,catchments_over_capacity,0.0
2,no_equity_agent,True,max_sewer_utilisation,0.9988730237302723
2,no_equity_agent,True,lots_newly_shaded,0.0
2,no_equity_agent,True,solar_compliance,1.0
2,no_equity_agent,True,flood_zone_added_floor_area_sqft,92729157.09954725
2,no_equity_agent,True,green_space_gini,0.7722047478120118
2,no_equity_agent,True,displacement_exposure_share,0.15603704156191162
2,no_equity_agent,True,repair_iterations,35.0
